{"cameraMode":{"drawMode":0,"name":"Shaded","section":"Shading Mode"},"sceneLighting":true,"audioPlay":false,"sceneViewState":{"m_AlwaysRefresh":false,"showFog":true,"showSkybox":true,"showFlares":true,"showImageEffects":true,"showParticleSystems":true,"showVisualEffectGraphs":true,"m_FxEnabled":true},"in2DMode":false,"pivot":{"x":21.580780029296876,"y":-5.4684247970581059,"z":23.30788803100586},"rotation":{"x":0.07423798739910126,"y":0.9231513142585754,"z":-0.297720342874527,"w":0.23235706984996797},"size":21.348045349121095,"orthographic":false}